id;user_name;user_password;user_email;user_dial
1;secondary Soft RSS;Shoes;and Representative;48014
2;Loan Marketing;Director;SMTP Sharable Reverse-engineered;50977
3;methodology programming;hacking one-to-one;copy;5393
4;hack Ball;Engineer program;Swiss cross-platform purple;16315
5;Self-enabling synthesize;Legacy granular;systems FTP;31690
6;Chair transitional;Intranet plug-and-play;salmon Dram Trinidad;38898
7;Avon;magenta e-tailers;EXE International;23975
8;RSS;quantify Nevada teal;Communications;25243
9;systems;Director;Chair;16789
10;override;turquoise Incredible European;invoice parsing magenta;35051
